dataset,kind,model,seed,metric,score,env
credit-g,cls,xgboost,0,acc,0.79,torch=2.11.0+cu130 xgb=3.3.0 sklearn=1.9.0 pandas=2.3.3
credit-g,cls,xgboost,1,acc,0.8,torch=2.11.0+cu130 xgb=3.3.0 sklearn=1.9.0 pandas=2.3.3
credit-g,cls,xgboost,2,acc,0.685,torch=2.11.0+cu130 xgb=3.3.0 sklearn=1.9.0 pandas=2.3.3
diabetes,cls,xgboost,0,acc,0.8051948051948052,torch=2.11.0+cu130 xgb=3.3.0 sklearn=1.9.0 pandas=2.3.3
diabetes,cls,xgboost,1,acc,0.7402597402597403,torch=2.11.0+cu130 xgb=3.3.0 sklearn=1.9.0 pandas=2.3.3
diabetes,cls,xgboost,2,acc,0.7662337662337663,torch=2.11.0+cu130 xgb=3.3.0 sklearn=1.9.0 pandas=2.3.3
breast-w,cls,xgboost,0,acc,0.9571428571428572,torch=2.11.0+cu130 xgb=3.3.0 sklearn=1.9.0 pandas=2.3.3
breast-w,cls,xgboost,1,acc,0.95,torch=2.11.0+cu130 xgb=3.3.0 sklearn=1.9.0 pandas=2.3.3
breast-w,cls,xgboost,2,acc,0.9714285714285714,torch=2.11.0+cu130 xgb=3.3.0 sklearn=1.9.0 pandas=2.3.3
vehicle,cls,xgboost,0,acc,0.7764705882352941,torch=2.11.0+cu130 xgb=3.3.0 sklearn=1.9.0 pandas=2.3.3
vehicle,cls,xgboost,1,acc,0.7588235294117647,torch=2.11.0+cu130 xgb=3.3.0 sklearn=1.9.0 pandas=2.3.3
vehicle,cls,xgboost,2,acc,0.8058823529411765,torch=2.11.0+cu130 xgb=3.3.0 sklearn=1.9.0 pandas=2.3.3
segment,cls,xgboost,0,acc,0.9956709956709956,torch=2.11.0+cu130 xgb=3.3.0 sklearn=1.9.0 pandas=2.3.3
segment,cls,xgboost,1,acc,0.9826839826839828,torch=2.11.0+cu130 xgb=3.3.0 sklearn=1.9.0 pandas=2.3.3
segment,cls,xgboost,2,acc,0.9913419913419912,torch=2.11.0+cu130 xgb=3.3.0 sklearn=1.9.0 pandas=2.3.3
heart-statlog,cls,xgboost,0,acc,0.7777777777777778,torch=2.11.0+cu130 xgb=3.3.0 sklearn=1.9.0 pandas=2.3.3
heart-statlog,cls,xgboost,1,acc,0.8518518518518519,torch=2.11.0+cu130 xgb=3.3.0 sklearn=1.9.0 pandas=2.3.3
heart-statlog,cls,xgboost,2,acc,0.7222222222222222,torch=2.11.0+cu130 xgb=3.3.0 sklearn=1.9.0 pandas=2.3.3
balance-scale,cls,xgboost,0,acc,0.888,torch=2.11.0+cu130 xgb=3.3.0 sklearn=1.9.0 pandas=2.3.3
balance-scale,cls,xgboost,1,acc,0.872,torch=2.11.0+cu130 xgb=3.3.0 sklearn=1.9.0 pandas=2.3.3
balance-scale,cls,xgboost,2,acc,0.824,torch=2.11.0+cu130 xgb=3.3.0 sklearn=1.9.0 pandas=2.3.3
tic-tac-toe,cls,xgboost,0,acc,1.0,torch=2.11.0+cu130 xgb=3.3.0 sklearn=1.9.0 pandas=2.3.3
tic-tac-toe,cls,xgboost,1,acc,1.0,torch=2.11.0+cu130 xgb=3.3.0 sklearn=1.9.0 pandas=2.3.3
tic-tac-toe,cls,xgboost,2,acc,1.0,torch=2.11.0+cu130 xgb=3.3.0 sklearn=1.9.0 pandas=2.3.3
letter,cls,xgboost,0,acc,0.858,torch=2.11.0+cu130 xgb=3.3.0 sklearn=1.9.0 pandas=2.3.3
letter,cls,xgboost,1,acc,0.866,torch=2.11.0+cu130 xgb=3.3.0 sklearn=1.9.0 pandas=2.3.3
letter,cls,xgboost,2,acc,0.871,torch=2.11.0+cu130 xgb=3.3.0 sklearn=1.9.0 pandas=2.3.3
mushroom,cls,xgboost,0,acc,1.0,torch=2.11.0+cu130 xgb=3.3.0 sklearn=1.9.0 pandas=2.3.3
mushroom,cls,xgboost,1,acc,1.0,torch=2.11.0+cu130 xgb=3.3.0 sklearn=1.9.0 pandas=2.3.3
mushroom,cls,xgboost,2,acc,1.0,torch=2.11.0+cu130 xgb=3.3.0 sklearn=1.9.0 pandas=2.3.3
iris,cls,xgboost,0,acc,0.9333333333333332,torch=2.11.0+cu130 xgb=3.3.0 sklearn=1.9.0 pandas=2.3.3
iris,cls,xgboost,1,acc,0.9333333333333332,torch=2.11.0+cu130 xgb=3.3.0 sklearn=1.9.0 pandas=2.3.3
iris,cls,xgboost,2,acc,1.0,torch=2.11.0+cu130 xgb=3.3.0 sklearn=1.9.0 pandas=2.3.3
car,cls,xgboost,0,acc,0.9679878048780488,torch=2.11.0+cu130 xgb=3.3.0 sklearn=1.9.0 pandas=2.3.3
car,cls,xgboost,1,acc,0.972560975609756,torch=2.11.0+cu130 xgb=3.3.0 sklearn=1.9.0 pandas=2.3.3
car,cls,xgboost,2,acc,0.9710365853658536,torch=2.11.0+cu130 xgb=3.3.0 sklearn=1.9.0 pandas=2.3.3
dresses-sales,cls,xgboost,0,acc,0.54,torch=2.11.0+cu130 xgb=3.3.0 sklearn=1.9.0 pandas=2.3.3
dresses-sales,cls,xgboost,1,acc,0.57,torch=2.11.0+cu130 xgb=3.3.0 sklearn=1.9.0 pandas=2.3.3
dresses-sales,cls,xgboost,2,acc,0.58,torch=2.11.0+cu130 xgb=3.3.0 sklearn=1.9.0 pandas=2.3.3
cpu_act,reg,xgboost,0,rmse,3.386664341256113,torch=2.11.0+cu130 xgb=3.3.0 sklearn=1.9.0 pandas=2.3.3
cpu_act,reg,xgboost,1,rmse,2.9336900184718586,torch=2.11.0+cu130 xgb=3.3.0 sklearn=1.9.0 pandas=2.3.3
cpu_act,reg,xgboost,2,rmse,2.497426494279557,torch=2.11.0+cu130 xgb=3.3.0 sklearn=1.9.0 pandas=2.3.3
puma8NH,reg,xgboost,0,rmse,3.367163922359567,torch=2.11.0+cu130 xgb=3.3.0 sklearn=1.9.0 pandas=2.3.3
puma8NH,reg,xgboost,1,rmse,3.3005236529065205,torch=2.11.0+cu130 xgb=3.3.0 sklearn=1.9.0 pandas=2.3.3
puma8NH,reg,xgboost,2,rmse,3.4556206275060504,torch=2.11.0+cu130 xgb=3.3.0 sklearn=1.9.0 pandas=2.3.3
boston,reg,xgb,0,rmse,4.428473840056152,fix531
boston,reg,xgb,1,rmse,3.09738042027566,fix531
boston,reg,xgb,2,rmse,3.176061169547066,fix531
