model,feat,drop
TabPFN,checking_status,0.05999999999999994
TabPFN,duration,0.023333333333333317
TabPFN,credit_history,0.0
TabPFN,purpose,0.00666666666666671
TabPFN,credit_amount,0.033333333333333326
TabPFN,savings_status,0.0033333333333332993
TabPFN,employment,0.00666666666666671
TabPFN,installment_commitment,-0.013333333333333308
TabPFN,personal_status,0.0033333333333332993
TabPFN,other_parties,0.0033333333333332993
TabICL,checking_status,0.08666666666666667
TabICL,duration,0.036666666666666736
TabICL,credit_history,0.026666666666666727
TabICL,purpose,0.023333333333333428
TabICL,credit_amount,0.030000000000000027
TabICL,savings_status,0.010000000000000009
TabICL,employment,0.01666666666666672
TabICL,installment_commitment,0.0
TabICL,personal_status,0.01333333333333342
TabICL,other_parties,0.0033333333333334103
LightGBM,checking_status,0.06333333333333335
LightGBM,duration,0.08666666666666667
LightGBM,credit_history,-0.006666666666666599
LightGBM,purpose,0.020000000000000018
LightGBM,credit_amount,0.050000000000000044
LightGBM,savings_status,0.01666666666666672
LightGBM,employment,-0.0033333333333332993
LightGBM,installment_commitment,0.0
LightGBM,personal_status,-0.010000000000000009
LightGBM,other_parties,-0.006666666666666599
RandomForest,checking_status,0.036666666666666625
RandomForest,duration,0.030000000000000027
RandomForest,credit_history,0.0
RandomForest,purpose,0.0033333333333332993
RandomForest,credit_amount,0.00666666666666671
RandomForest,savings_status,0.0
RandomForest,employment,-0.016666666666666607
RandomForest,installment_commitment,0.00666666666666671
RandomForest,personal_status,0.01666666666666672
RandomForest,other_parties,0.0
Linear,checking_status,0.023333333333333317
Linear,duration,-0.013333333333333308
Linear,credit_history,0.0033333333333332993
Linear,purpose,-0.0033333333333332993
Linear,credit_amount,0.0
Linear,savings_status,-0.00666666666666671
Linear,employment,-0.00666666666666671
Linear,installment_commitment,0.033333333333333326
Linear,personal_status,0.020000000000000018
Linear,other_parties,0.0
MLP,checking_status,0.020000000000000018
MLP,duration,-0.019999999999999907
MLP,credit_history,-0.0033333333333332993
MLP,purpose,-0.010000000000000009
MLP,credit_amount,-0.013333333333333308
MLP,savings_status,0.0
MLP,employment,-0.029999999999999916
MLP,installment_commitment,0.0
MLP,personal_status,-0.013333333333333308
MLP,other_parties,-0.0033333333333332993
