dataset,task,seed,model,time_s,n_train,n_test,n_cat,n_num,accuracy,bal_acc,f1_macro,logloss,auc,ece,rmse,mae,r2,error
diabetes,class,0,TabPFN,14.22,614,154,0,8,0.8051948051948052,0.769074074074074,0.7778846153846153,0.4122436765607359,0.8827777777777778,0.0327717503169914,,,,
diabetes,class,1,TabPFN,9.98,614,154,0,8,0.7597402597402597,0.7042592592592593,0.7150287571892973,0.4949557401203803,0.8281481481481482,0.0712765412671225,,,,
diabetes,class,2,TabPFN,9.9,614,154,0,8,0.7337662337662337,0.6757407407407408,0.6842210552638159,0.5013378134415838,0.8122222222222222,0.0535708565216559,,,,
breast-w,class,0,TabPFN,13.35,559,140,0,9,0.9714285714285714,0.9782608695652174,0.9688888888888888,0.0794971112259773,0.9970561594202898,0.0268024278538567,,,,
breast-w,class,1,TabPFN,24.43,559,140,0,9,0.9571428571428572,0.962409420289855,0.9533333333333334,0.13884680595838,0.9889039855072465,0.0311483557735171,,,,
breast-w,class,2,TabPFN,32.5,559,140,0,9,0.9714285714285714,0.9633152173913044,0.9679707160832762,0.0502788525426916,0.9986413043478262,0.0333969286509922,,,,
heart-statlog,class,0,TabPFN,23.38,216,54,0,13,0.7962962962962963,0.7875000000000001,0.7904761904761904,0.4186049281913648,0.8819444444444444,0.0587190522087944,,,,
heart-statlog,class,1,TabPFN,13.64,216,54,0,13,0.8888888888888888,0.8791666666666667,0.8849431818181819,0.2860195665343792,0.9569444444444444,0.0499738123681809,,,,
heart-statlog,class,2,TabPFN,14.93,216,54,0,13,0.7962962962962963,0.7875000000000001,0.7904761904761904,0.4152097794456307,0.8958333333333333,0.0743100974294874,,,,
vehicle,class,0,TabPFN,32.62,676,170,0,18,0.923529411764706,0.9250541125541124,0.9243265195613916,0.2045170778829564,0.9844665967712842,0.0324932249153361,,,,
vehicle,class,1,TabPFN,12.15,676,170,0,18,0.9117647058823528,0.9134199134199136,0.9126844456477596,0.2035637774464191,0.9849372632575756,0.0294459341203464,,,,
vehicle,class,2,TabPFN,12.85,676,170,0,18,0.9176470588235294,0.9188311688311688,0.9184484010717952,0.1986511237884827,0.9847498421717172,0.0306389394928427,,,,
credit-g,class,0,TabPFN,24.44,800,200,13,7,0.8,0.7142857142857143,0.7333333333333334,0.4303716964384614,0.8579761904761904,0.0420225423574447,,,,
credit-g,class,1,TabPFN,16.17,800,200,13,7,0.775,0.7059523809523809,0.7162583940225102,0.4600984121460798,0.8234523809523809,0.0588618570566177,,,,
credit-g,class,2,TabPFN,15.94,800,200,13,7,0.72,0.6238095238095238,0.6315304645348072,0.5346267560920503,0.7386904761904761,0.034779702425003,,,,
segment,class,0,TabPFN,50.33,1848,462,0,19,0.9935064935064936,0.9935064935064934,0.9934898463567464,0.0204731890299304,0.9999180112816476,0.0063937647002083,,,,
segment,class,1,TabPFN,47.4,1848,462,0,19,0.987012987012987,0.9870129870129868,0.9869421934001554,0.0329392737791984,0.999907079452534,0.0119638581683625,,,,
segment,class,2,TabPFN,49.45,1848,462,0,19,0.9935064935064936,0.9935064935064936,0.9935062450415718,0.0239720032206704,0.999912545367091,0.0047534097840775,,,,
california,reg,0,TabPFN,29.54,2000,500,0,8,,,,,,,0.3932540698310196,0.25935244726499435,0.8998205054734664,
california,reg,1,TabPFN,25.33,2000,500,0,8,,,,,,,0.41482236516867554,0.2710832205349907,0.8822030770276635,
california,reg,2,TabPFN,25.33,2000,500,0,8,,,,,,,0.38126216798683144,0.23236072727118584,0.8904284140378833,
