dataset,model,seed,metric,score,env
credit-g,mitra,0,acc,0.78,torch=2.11.0+cu130 sklearn=1.9.0 pandas=2.3.3
credit-g,mitra,1,acc,0.81,torch=2.11.0+cu130 sklearn=1.9.0 pandas=2.3.3
credit-g,mitra,2,acc,0.74,torch=2.11.0+cu130 sklearn=1.9.0 pandas=2.3.3
diabetes,mitra,0,acc,0.7987012987012987,torch=2.11.0+cu130 sklearn=1.9.0 pandas=2.3.3
diabetes,mitra,1,acc,0.7142857142857143,torch=2.11.0+cu130 sklearn=1.9.0 pandas=2.3.3
diabetes,mitra,2,acc,0.7402597402597403,torch=2.11.0+cu130 sklearn=1.9.0 pandas=2.3.3
breast-w,mitra,0,acc,0.9714285714285714,torch=2.11.0+cu130 sklearn=1.9.0 pandas=2.3.3
breast-w,mitra,1,acc,0.9428571428571428,torch=2.11.0+cu130 sklearn=1.9.0 pandas=2.3.3
breast-w,mitra,2,acc,0.9785714285714285,torch=2.11.0+cu130 sklearn=1.9.0 pandas=2.3.3
vehicle,mitra,0,acc,0.8529411764705882,torch=2.11.0+cu130 sklearn=1.9.0 pandas=2.3.3
vehicle,mitra,1,acc,0.8470588235294118,torch=2.11.0+cu130 sklearn=1.9.0 pandas=2.3.3
vehicle,mitra,2,acc,0.8764705882352941,torch=2.11.0+cu130 sklearn=1.9.0 pandas=2.3.3
segment,mitra,0,acc,0.9913419913419913,torch=2.11.0+cu130 sklearn=1.9.0 pandas=2.3.3
segment,mitra,1,acc,0.974025974025974,torch=2.11.0+cu130 sklearn=1.9.0 pandas=2.3.3
segment,mitra,2,acc,0.9891774891774892,torch=2.11.0+cu130 sklearn=1.9.0 pandas=2.3.3
heart-statlog,mitra,0,acc,0.7962962962962963,torch=2.11.0+cu130 sklearn=1.9.0 pandas=2.3.3
heart-statlog,mitra,1,acc,0.8703703703703703,torch=2.11.0+cu130 sklearn=1.9.0 pandas=2.3.3
heart-statlog,mitra,2,acc,0.7777777777777778,torch=2.11.0+cu130 sklearn=1.9.0 pandas=2.3.3
balance-scale,mitra,0,acc,0.992,torch=2.11.0+cu130 sklearn=1.9.0 pandas=2.3.3
balance-scale,mitra,1,acc,0.992,torch=2.11.0+cu130 sklearn=1.9.0 pandas=2.3.3
balance-scale,mitra,2,acc,0.976,torch=2.11.0+cu130 sklearn=1.9.0 pandas=2.3.3
tic-tac-toe,mitra,0,acc,1.0,torch=2.11.0+cu130 sklearn=1.9.0 pandas=2.3.3
tic-tac-toe,mitra,1,acc,1.0,torch=2.11.0+cu130 sklearn=1.9.0 pandas=2.3.3
tic-tac-toe,mitra,2,acc,1.0,torch=2.11.0+cu130 sklearn=1.9.0 pandas=2.3.3
mushroom,mitra,0,acc,1.0,torch=2.11.0+cu130 sklearn=1.9.0 pandas=2.3.3
mushroom,mitra,1,acc,1.0,torch=2.11.0+cu130 sklearn=1.9.0 pandas=2.3.3
mushroom,mitra,2,acc,1.0,torch=2.11.0+cu130 sklearn=1.9.0 pandas=2.3.3
iris,mitra,0,acc,1.0,torch=2.11.0+cu130 sklearn=1.9.0 pandas=2.3.3
iris,mitra,1,acc,0.9666666666666667,torch=2.11.0+cu130 sklearn=1.9.0 pandas=2.3.3
iris,mitra,2,acc,1.0,torch=2.11.0+cu130 sklearn=1.9.0 pandas=2.3.3
car,mitra,0,acc,0.9496951219512195,torch=2.11.0+cu130 sklearn=1.9.0 pandas=2.3.3
car,mitra,1,acc,0.9634146341463414,torch=2.11.0+cu130 sklearn=1.9.0 pandas=2.3.3
car,mitra,2,acc,0.9634146341463414,torch=2.11.0+cu130 sklearn=1.9.0 pandas=2.3.3
dresses-sales,mitra,0,acc,0.6,torch=2.11.0+cu130 sklearn=1.9.0 pandas=2.3.3
dresses-sales,mitra,1,acc,0.58,torch=2.11.0+cu130 sklearn=1.9.0 pandas=2.3.3
dresses-sales,mitra,2,acc,0.57,torch=2.11.0+cu130 sklearn=1.9.0 pandas=2.3.3
