dataset,task,seed,model,time_s,n_train,n_test,n_cat,n_num,accuracy,bal_acc,f1_macro,logloss,auc,ece,error,rmse,mae,r2
credit-g,class,0,LightGBM,0.46,800.0,200.0,13.0,7.0,0.795,0.7392857142857143,0.7471554993678887,0.5271876108273131,0.8309523809523809,0.09469438902688086,,,,
credit-g,class,0,RandomForest,0.58,800.0,200.0,13.0,7.0,0.785,0.675,0.6941569757103738,0.46067708940499286,0.8446428571428571,0.05777715954206441,,,,
credit-g,class,0,Linear,0.04,800.0,200.0,13.0,7.0,0.77,0.6738095238095239,0.6891471820516286,0.4906422878387712,0.8002380952380953,0.06391203521063578,,,,
credit-g,class,0,MLP,0.14,800.0,200.0,13.0,7.0,0.7,0.5,0.4117647058823529,0.6112874635417971,0.5523809523809523,0.05591899140655681,,,,
credit-g,class,0,TabPFN,,,,,,,,,,,,[WinError 10038] An operation was attempted on something that is not a socket,,,
credit-g,class,0,TabICL,31.07,800.0,200.0,13.0,7.0,0.795,0.705952380952381,0.7248229806369342,0.44114284649969754,0.8401190476190477,0.04693964511156082,,,,
credit-g,class,1,LightGBM,1.18,800.0,200.0,13.0,7.0,0.785,0.7083333333333334,0.7223567393058918,0.6198845179720397,0.7860714285714285,0.10834098788110463,,,,
credit-g,class,1,RandomForest,1.01,800.0,200.0,13.0,7.0,0.77,0.6595238095238095,0.6753246753246753,0.4886287067699041,0.8048809523809524,0.07360417203632491,,,,
credit-g,class,1,Linear,0.06,800.0,200.0,13.0,7.0,0.73,0.6261904761904762,0.6350858224084336,0.5280007154082201,0.746904761904762,0.03803832351388469,,,,
credit-g,class,1,MLP,0.46,800.0,200.0,13.0,7.0,0.755,0.6392857142857142,0.6514812048792631,0.5329261921058365,0.7416666666666667,0.04999029806670595,,,,
credit-g,class,1,TabPFN,,,,,,,,,,,,[WinError 10038] An operation was attempted on something that is not a socket,,,
credit-g,class,1,TabICL,21.45,800.0,200.0,13.0,7.0,0.79,0.7166666666666667,0.7304582210242587,0.4712229974075373,0.8096428571428571,0.042636645436286924,,,,
credit-g,class,2,LightGBM,1.27,800.0,200.0,13.0,7.0,0.695,0.6107142857142858,0.6153724896749582,0.82865434343993,0.681904761904762,0.17776916868459613,,,,
credit-g,class,2,RandomForest,0.99,800.0,200.0,13.0,7.0,0.735,0.6202380952380953,0.6287345451998179,0.5465857091946289,0.7141666666666667,0.054643738542872466,,,,
credit-g,class,2,Linear,0.05,800.0,200.0,13.0,7.0,0.7,0.5857142857142857,0.5888157894736843,0.586088967494646,0.6770238095238096,0.07026084509635547,,,,
credit-g,class,2,MLP,0.34,800.0,200.0,13.0,7.0,0.7,0.5714285714285714,0.5698924731182795,0.5753381567345072,0.6865476190476191,0.04837842224838888,,,,
credit-g,class,2,TabPFN,,,,,,,,,,,,[WinError 10038] An operation was attempted on something that is not a socket,,,
credit-g,class,2,TabICL,30.27,800.0,200.0,13.0,7.0,0.715,0.625,0.6319612590799032,0.5504186201586506,0.7278571428571429,0.060917776823043814,,,,
diabetes,class,0,LightGBM,0.86,614.0,154.0,0.0,8.0,0.8051948051948052,0.7733333333333333,0.7801256424900057,0.6425270293918255,0.842037037037037,0.1178579778560801,,,,
diabetes,class,0,RandomForest,0.92,614.0,154.0,0.0,8.0,0.8051948051948052,0.7648148148148148,0.7755102040816326,0.4320152978711334,0.872962962962963,0.047164236331786236,,,,
diabetes,class,0,Linear,0.02,614.0,154.0,0.0,8.0,0.7792207792207793,0.732037037037037,0.7427279874213837,0.417872514138884,0.8840740740740741,0.07651550143386324,,,,
diabetes,class,0,MLP,0.29,614.0,154.0,0.0,8.0,0.7727272727272727,0.7185185185185186,0.730432608152038,0.48299919771983674,0.8644444444444443,0.10049212664282468,,,,
diabetes,class,0,TabPFN,,,,,,,,,,,,[WinError 10038] An operation was attempted on something that is not a socket,,,
diabetes,class,0,TabICL,16.57,614.0,154.0,0.0,8.0,0.7922077922077922,0.7548148148148148,0.7630769230769231,0.41144431149980315,0.8835185185185185,0.03633364996352752,,,,
diabetes,class,1,LightGBM,0.96,614.0,154.0,0.0,8.0,0.7012987012987013,0.6507407407407407,0.6557823129251701,0.8278038641189936,0.7801851851851851,0.19823363606514785,,,,
diabetes,class,1,RandomForest,1.01,614.0,154.0,0.0,8.0,0.7597402597402597,0.7085185185185185,0.7184086978008402,0.49159854462771896,0.8194444444444444,0.07206637141971217,,,,
diabetes,class,1,Linear,0.02,614.0,154.0,0.0,8.0,0.7857142857142857,0.7285185185185186,0.7426444523218716,0.5130434906275807,0.8142592592592592,0.06705120231889804,,,,
diabetes,class,1,MLP,0.13,614.0,154.0,0.0,8.0,0.7402597402597403,0.6509259259259259,0.6566332218506131,0.5478279106823281,0.8083333333333333,0.07597876893104462,,,,
diabetes,class,1,TabPFN,,,,,,,,,,,,[WinError 10038] An operation was attempted on something that is not a socket,,,
diabetes,class,1,TabICL,17.16,614.0,154.0,0.0,8.0,0.7467532467532467,0.69,0.6996249062265567,0.5038856244933638,0.8209259259259258,0.05567888857482316,,,,
diabetes,class,2,LightGBM,1.27,614.0,154.0,0.0,8.0,0.7337662337662337,0.6885185185185185,0.694843168527379,0.8165621561725537,0.7672222222222222,0.1740033181966633,,,,
diabetes,class,2,RandomForest,1.03,614.0,154.0,0.0,8.0,0.7532467532467533,0.6992592592592592,0.70908729369656,0.5191256856621173,0.7935185185185185,0.05225680380541961,,,,
diabetes,class,2,Linear,0.02,614.0,154.0,0.0,8.0,0.7597402597402597,0.7042592592592593,0.7150287571892973,0.5398604567053592,0.7937037037037038,0.055880621474080225,,,,
diabetes,class,2,MLP,0.2,614.0,154.0,0.0,8.0,0.7597402597402597,0.6787037037037037,0.6901071409147768,0.5401744233697493,0.7951851851851851,0.0784768870095092,,,,
diabetes,class,2,TabPFN,,,,,,,,,,,,[WinError 10038] An operation was attempted on something that is not a socket,,,
diabetes,class,2,TabICL,13.77,614.0,154.0,0.0,8.0,0.7467532467532467,0.6942592592592592,0.7031875463306152,0.49992134096782503,0.8175925925925926,0.049737848244704216,,,,
breast-w,class,0,LightGBM,0.41,559.0,140.0,0.0,9.0,0.9357142857142857,0.931159420289855,0.9290180834882542,0.2605549221899984,0.9857336956521738,0.05505838247343181,,,,
breast-w,class,0,RandomForest,0.61,559.0,140.0,0.0,9.0,0.9714285714285714,0.9782608695652174,0.9688888888888889,0.100766750557876,0.9918478260869564,0.04327717610496651,,,,
breast-w,class,0,Linear,0.01,559.0,140.0,0.0,9.0,0.9785714285714285,0.9836956521739131,0.9765611920308053,0.06464836544513965,0.9981884057971016,0.023188553717766645,,,,
breast-w,class,0,MLP,0.08,559.0,140.0,0.0,9.0,0.9571428571428572,0.9673913043478262,0.9537343027098479,0.463423038643162,0.9877717391304347,0.30916860982928895,,,,
breast-w,class,0,TabPFN,,,,,,,,,,,,[WinError 10038] An operation was attempted on something that is not a socket,,,
breast-w,class,0,TabICL,15.23,559.0,140.0,0.0,9.0,0.9642857142857143,0.9678442028985508,0.9609353200513422,0.076381751509815,0.9961503623188406,0.021724256873130798,,,,
breast-w,class,1,LightGBM,0.75,559.0,140.0,0.0,9.0,0.9285714285714286,0.9257246376811594,0.9215070643642072,0.38924335760830997,0.9834692028985508,0.06774481814112426,,,,
breast-w,class,1,RandomForest,0.9,559.0,140.0,0.0,9.0,0.9571428571428572,0.957427536231884,0.9529042386185244,0.13812589627652339,0.9832427536231885,0.019162954968312128,,,,
breast-w,class,1,Linear,0.02,559.0,140.0,0.0,9.0,0.9428571428571428,0.9415760869565217,0.9372056514913658,0.131275378575719,0.9889039855072465,0.03508476310633261,,,,
breast-w,class,1,MLP,0.13,559.0,140.0,0.0,9.0,0.95,0.9569746376811594,0.945793462027767,0.4596915847206434,0.9839221014492753,0.30235532353914496,,,,
breast-w,class,1,TabPFN,,,,,,,,,,,,[WinError 10038] An operation was attempted on something that is not a socket,,,
breast-w,class,1,TabICL,15.76,559.0,140.0,0.0,9.0,0.95,0.9519927536231885,0.945309448071879,0.14131536248657625,0.9884510869565217,0.030382817557879884,,,,
breast-w,class,2,LightGBM,0.92,559.0,140.0,0.0,9.0,0.9785714285714285,0.973731884057971,0.9761024182076814,0.125845098800786,0.9968297101449275,0.02766401365006363,,,,
breast-w,class,2,RandomForest,1.08,559.0,140.0,0.0,9.0,0.9714285714285714,0.9633152173913043,0.9679707160832762,0.08430141550498434,0.9984148550724637,0.04117547756476342,,,,
breast-w,class,2,Linear,0.02,559.0,140.0,0.0,9.0,0.9714285714285714,0.9583333333333333,0.967622571692877,0.06873226296219827,0.9988677536231884,0.03233430175858542,,,,
breast-w,class,2,MLP,0.13,559.0,140.0,0.0,9.0,0.9642857142857143,0.9678442028985508,0.9609353200513422,0.4604078136755178,0.992300724637681,0.3241590637302745,,,,
breast-w,class,2,TabPFN,,,,,,,,,,,,[WinError 10038] An operation was attempted on something that is not a socket,,,
breast-w,class,2,TabICL,15.57,559.0,140.0,0.0,9.0,0.9714285714285714,0.9682971014492754,0.9682971014492754,0.053892688334695286,0.9990942028985508,0.02803551001208169,,,,
vehicle,class,0,LightGBM,4.04,676.0,170.0,0.0,18.0,0.7764705882352941,0.7763798701298701,0.7765126429808976,0.7856142031104634,0.9296427140567767,0.159282680177888,,,,
vehicle,class,0,RandomForest,1.07,676.0,170.0,0.0,18.0,0.7235294117647059,0.7258928571428571,0.7138619246910607,0.5540149214770789,0.9267637397324897,0.07879723000311241,,,,
vehicle,class,0,Linear,0.07,676.0,170.0,0.0,18.0,0.8176470588235294,0.8189664502164503,0.8193363737900223,0.48301209431924913,0.9511628519050395,0.08977050835663139,,,,
vehicle,class,0,MLP,0.47,676.0,170.0,0.0,18.0,0.6647058823529411,0.6685606060606061,0.6472497766120606,0.7687818167423288,0.8988558013167388,0.10719822641442225,,,,
vehicle,class,0,TabPFN,,,,,,,,,,,,[WinError 10038] An operation was attempted on something that is not a socket,,,
vehicle,class,0,TabICL,22.97,676.0,170.0,0.0,18.0,0.8823529411764706,0.8841991341991342,0.8836580086580086,0.2386036649892326,0.9763201208513708,0.02283401664565593,,,,
vehicle,class,1,LightGBM,4.03,676.0,170.0,0.0,18.0,0.7647058823529411,0.7659090909090909,0.7647640673491194,0.8532595925835494,0.9242815864690864,0.1752595766197642,,,,
vehicle,class,1,RandomForest,1.13,676.0,170.0,0.0,18.0,0.7176470588235294,0.7199675324675325,0.7051308365963538,0.5224490910008731,0.9317370520104895,0.09764794160088275,,,,
vehicle,class,1,Linear,0.07,676.0,170.0,0.0,18.0,0.788235294117647,0.7905844155844156,0.7836624139537649,0.4902781639905078,0.9425257251429127,0.05808997286416634,,,,
vehicle,class,1,MLP,0.38,676.0,170.0,0.0,18.0,0.7235294117647059,0.724215367965368,0.7098925723242597,0.6298559318874732,0.9079558722527471,0.04399744229263903,,,,
vehicle,class,1,TabPFN,,,,,,,,,,,,[WinError 10038] An operation was attempted on something that is not a socket,,,
vehicle,class,1,TabICL,23.34,676.0,170.0,0.0,18.0,0.8941176470588236,0.8949945887445888,0.8955045801737976,0.23505075911913517,0.978071403422966,0.03404082147514119,,,,
vehicle,class,2,LightGBM,4.14,676.0,170.0,0.0,18.0,0.7588235294117647,0.7624458874458875,0.7564661000905981,0.7153062329340374,0.9379860027125652,0.17927705524400644,,,,
vehicle,class,2,RandomForest,1.08,676.0,170.0,0.0,18.0,0.7823529411764706,0.7857142857142857,0.7770348837209302,0.4830230272894947,0.9403690927128427,0.08237890600684715,,,,
vehicle,class,2,Linear,0.06,676.0,170.0,0.0,18.0,0.8235294117647058,0.8260281385281385,0.8208768873403021,0.45228102530366726,0.9509963127150627,0.08165062953531801,,,,
vehicle,class,2,MLP,0.38,676.0,170.0,0.0,18.0,0.7352941176470589,0.7402597402597403,0.7237808030985784,0.5652941747670939,0.9271227166930291,0.09310906927922709,,,,
vehicle,class,2,TabPFN,,,,,,,,,,,,[WinError 10038] An operation was attempted on something that is not a socket,,,
vehicle,class,2,TabICL,12.62,676.0,170.0,0.0,18.0,0.9058823529411765,0.9074675324675324,0.9068189216938372,0.2317090915045559,0.9819582544191919,0.026768529239822855,,,,
segment,class,0,LightGBM,1.79,1848.0,462.0,0.0,19.0,0.9956709956709957,0.9956709956709956,0.9956707472060741,0.01615273172583021,0.9999726704272158,0.004517501694807532,,,,
segment,class,0,RandomForest,0.62,1848.0,462.0,0.0,19.0,0.9805194805194806,0.9805194805194805,0.9804696633027001,0.09264528730172675,0.9994588744588745,0.04990894975800391,,,,
segment,class,0,Linear,0.05,1848.0,462.0,0.0,19.0,0.9502164502164502,0.9502164502164502,0.9499374902805354,0.19243356530376188,0.9937797892343346,0.04870532207575107,,,,
segment,class,0,MLP,0.53,1848.0,462.0,0.0,19.0,0.9393939393939394,0.9393939393939394,0.9387599146264887,0.18380601504505367,0.9947527220254493,0.051886519229884985,,,,
segment,class,0,TabPFN,,,,,,,,,,,,[WinError 10038] An operation was attempted on something that is not a socket,,,
segment,class,0,TabICL,76.07,1848.0,462.0,0.0,19.0,0.9935064935064936,0.9935064935064934,0.9934898463567464,0.017104593411334395,0.9999453408544318,0.00652077639257753,,,,
segment,class,1,LightGBM,6.77,1848.0,462.0,0.0,19.0,0.9913419913419913,0.9913419913419913,0.9913252199597835,0.02780710452215359,0.9999508067689885,0.006423333549720574,,,,
segment,class,1,RandomForest,1.04,1848.0,462.0,0.0,19.0,0.9632034632034632,0.9632034632034632,0.9634089819475239,0.11711176764220547,0.9993058288512834,0.04679487707743008,,,,
segment,class,1,Linear,0.1,1848.0,462.0,0.0,19.0,0.9155844155844156,0.9155844155844156,0.91670098967051,0.24213576760279193,0.9911561502470594,0.04106919237146981,,,,
segment,class,1,MLP,0.84,1848.0,462.0,0.0,19.0,0.9307359307359307,0.9307359307359307,0.9313618742236035,0.20119435763048307,0.9940804145349599,0.029191933379087584,,,,
segment,class,1,TabPFN,,,,,,,,,,,,[WinError 10038] An operation was attempted on something that is not a socket,,,
segment,class,1,TabICL,34.61,1848.0,462.0,0.0,19.0,0.9913419913419913,0.9913419913419913,0.9913408730786857,0.03116286240548633,0.9999289431107613,0.013158741064401932,,,,
segment,class,2,LightGBM,1.75,1848.0,462.0,0.0,19.0,0.9913419913419913,0.9913419913419913,0.9913581415618952,0.047912489624016015,0.999721238357602,0.0097874915765345,,,,
segment,class,2,RandomForest,0.64,1848.0,462.0,0.0,19.0,0.9848484848484849,0.9848484848484848,0.9847890366472021,0.08187000251233482,0.9997704315886135,0.048486556251623125,,,,
segment,class,2,Linear,0.05,1848.0,462.0,0.0,19.0,0.9393939393939394,0.9393939393939393,0.9380332195293501,0.17501989790933617,0.9956764615855525,0.03573159528043711,,,,
segment,class,2,MLP,0.62,1848.0,462.0,0.0,19.0,0.9588744588744589,0.9588744588744589,0.9582349481624913,0.12334142693003858,0.9982399755127027,0.03430059862245947,,,,
segment,class,2,TabPFN,,,,,,,,,,,,[WinError 10038] An operation was attempted on something that is not a socket,,,
segment,class,2,TabICL,28.51,1848.0,462.0,0.0,19.0,0.9913419913419913,0.9913419913419913,0.9913580173294344,0.026140759438295837,0.999907079452534,0.006311790380643061,,,,
heart-statlog,class,0,LightGBM,0.12,216.0,54.0,0.0,13.0,0.8333333333333334,0.8291666666666666,0.8304848273456574,0.5551753432564065,0.8861111111111112,0.17793431402744847,,,,
heart-statlog,class,0,RandomForest,0.5,216.0,54.0,0.0,13.0,0.7962962962962963,0.7916666666666667,0.7928147889780258,0.46459725152538334,0.8555555555555556,0.05679369257871936,,,,
heart-statlog,class,0,Linear,0.01,216.0,54.0,0.0,13.0,0.7777777777777778,0.775,0.775,0.5015602296481982,0.8541666666666667,0.13106118123263855,,,,
heart-statlog,class,0,MLP,0.06,216.0,54.0,0.0,13.0,0.8333333333333334,0.8208333333333333,0.8261180679785332,0.5772195871137175,0.8333333333333333,0.23064386935978215,,,,
heart-statlog,class,0,TabPFN,,,,,,,,,,,,[WinError 10038] An operation was attempted on something that is not a socket,,,
heart-statlog,class,0,TabICL,7.56,216.0,54.0,0.0,13.0,0.8148148148148148,0.8083333333333333,0.8106591865357644,0.42865131259578415,0.8833333333333333,0.04656570929068103,,,,
heart-statlog,class,1,LightGBM,0.34,216.0,54.0,0.0,13.0,0.8518518518518519,0.8416666666666667,0.8465909090909092,0.4147619224496438,0.9263888888888889,0.10522172724721587,,,,
heart-statlog,class,1,RandomForest,0.77,216.0,54.0,0.0,13.0,0.8888888888888888,0.8791666666666667,0.8849431818181819,0.33355127661680584,0.9555555555555555,0.10144620738897482,,,,
heart-statlog,class,1,Linear,0.02,216.0,54.0,0.0,13.0,0.8148148148148148,0.8083333333333333,0.8106591865357644,0.34544765264558763,0.9291666666666667,0.06514716544219086,,,,
heart-statlog,class,1,MLP,0.13,216.0,54.0,0.0,13.0,0.8703703703703703,0.8583333333333334,0.8647584973166369,0.5143343419993877,0.9430555555555555,0.244957574134147,,,,
heart-statlog,class,1,TabPFN,,,,,,,,,,,,[WinError 10038] An operation was attempted on something that is not a socket,,,
heart-statlog,class,1,TabICL,7.41,216.0,54.0,0.0,13.0,0.8888888888888888,0.8791666666666667,0.8849431818181819,0.2824715674394262,0.9569444444444446,0.06844406105853897,,,,
heart-statlog,class,2,LightGBM,0.31,216.0,54.0,0.0,13.0,0.7037037037037037,0.6958333333333333,0.697054698457223,0.6936513260055395,0.8500000000000001,0.20970769025663366,,,,
heart-statlog,class,2,RandomForest,0.8,216.0,54.0,0.0,13.0,0.7962962962962963,0.7833333333333333,0.7874776386404294,0.44500331583265973,0.8736111111111111,0.09050387410537947,,,,
heart-statlog,class,2,Linear,0.02,216.0,54.0,0.0,13.0,0.7962962962962963,0.7916666666666667,0.7928147889780258,0.4210444805553721,0.8888888888888888,0.05706910779777239,,,,
heart-statlog,class,2,MLP,0.08,216.0,54.0,0.0,13.0,0.6296296296296297,0.5875,0.5384615384615384,0.6534459939644961,0.7208333333333333,0.060222337790419404,,,,
heart-statlog,class,2,TabPFN,,,,,,,,,,,,[WinError 10038] An operation was attempted on something that is not a socket,,,
heart-statlog,class,2,TabICL,7.38,216.0,54.0,0.0,13.0,0.7962962962962963,0.7875000000000001,0.7904761904761904,0.41861111753113167,0.8902777777777777,0.09922440846761067,,,,
california,reg,0,LightGBM,1.14,2000.0,500.0,0.0,8.0,,,,,,,,0.5041983358539347,0.3564357105025819,0.8353221455171639
california,reg,0,RandomForest,1.16,2000.0,500.0,0.0,8.0,,,,,,,,0.5867284270725055,0.40961473234098206,0.7769990850117919
california,reg,0,Linear,0.02,2000.0,500.0,0.0,8.0,,,,,,,,0.7271898952681712,0.5383018848206186,0.6574467792111587
california,reg,0,MLP,2.19,2000.0,500.0,0.0,8.0,,,,,,,,0.596084048734091,0.41881717768259374,0.7698307064608296
california,reg,0,TabPFN,,,,,,,,,,,,[WinError 10038] An operation was attempted on something that is not a socket,,,
california,reg,0,TabICL,23.55,2000.0,500.0,0.0,8.0,,,,,,,,0.41335646429714384,0.27797788093822473,0.8893167630183004
california,reg,1,LightGBM,0.32,2000.0,500.0,0.0,8.0,,,,,,,,0.4867815150256357,0.3389734877081772,0.8377899435084963
california,reg,1,RandomForest,0.48,2000.0,500.0,0.0,8.0,,,,,,,,0.571807740159847,0.38574475181582474,0.7761744403439197
california,reg,1,Linear,0.01,2000.0,500.0,0.0,8.0,,,,,,,,0.7513047764792181,0.5506164492536527,0.613595727942011
california,reg,1,MLP,0.52,2000.0,500.0,0.0,8.0,,,,,,,,0.7104908308823743,0.5074171809770448,0.6544375259636623
california,reg,1,TabPFN,,,,,,,,,,,,[WinError 10038] An operation was attempted on something that is not a socket,,,
california,reg,1,TabICL,23.56,2000.0,500.0,0.0,8.0,,,,,,,,0.4483427807118143,0.2960232983106995,0.8623963412207922
california,reg,2,LightGBM,1.18,2000.0,500.0,0.0,8.0,,,,,,,,0.496798757725727,0.34054653439274213,0.8139577753915721
california,reg,2,RandomForest,0.52,2000.0,500.0,0.0,8.0,,,,,,,,0.5792992375617212,0.4034206175274054,0.7470373306728291
california,reg,2,Linear,0.01,2000.0,500.0,0.0,8.0,,,,,,,,0.7225049084058952,0.5249315478835116,0.6065114266029092
california,reg,2,MLP,1.79,2000.0,500.0,0.0,8.0,,,,,,,,0.5780030509698464,0.3905212433484561,0.7481680761470959
california,reg,2,TabPFN,,,,,,,,,,,,[WinError 10038] An operation was attempted on something that is not a socket,,,
california,reg,2,TabICL,36.9,2000.0,500.0,0.0,8.0,,,,,,,,0.40438512877155114,0.25870723056316375,0.8767346895825827
