model,noise,seed,metric,score,env
tabpfn,0,0,acc,0.8051948051948052,torch=2.11.0+cu130 pandas=2.3.3
tabicl,0,0,acc,0.7922077922077922,torch=2.11.0+cu130 pandas=2.3.3
tabdpt,0,0,acc,0.7987012987012987,torch=2.11.0+cu130 pandas=2.3.3
limix,0,0,acc,0.8181818181818182,torch=2.11.0+cu130 pandas=2.3.3
mitra,0,0,acc,0.7987012987012987,torch=2.11.0+cu130 pandas=2.3.3
tabpfn,0,1,acc,0.7532467532467533,torch=2.11.0+cu130 pandas=2.3.3
tabicl,0,1,acc,0.7467532467532467,torch=2.11.0+cu130 pandas=2.3.3
tabdpt,0,1,acc,0.7272727272727273,torch=2.11.0+cu130 pandas=2.3.3
limix,0,1,acc,0.7272727272727273,torch=2.11.0+cu130 pandas=2.3.3
mitra,0,1,acc,0.7402597402597403,torch=2.11.0+cu130 pandas=2.3.3
tabpfn,0,2,acc,0.7467532467532467,torch=2.11.0+cu130 pandas=2.3.3
tabicl,0,2,acc,0.7467532467532467,torch=2.11.0+cu130 pandas=2.3.3
tabdpt,0,2,acc,0.7467532467532467,torch=2.11.0+cu130 pandas=2.3.3
limix,0,2,acc,0.7467532467532467,torch=2.11.0+cu130 pandas=2.3.3
mitra,0,2,acc,0.7402597402597403,torch=2.11.0+cu130 pandas=2.3.3
tabpfn,20,0,acc,0.7922077922077922,torch=2.11.0+cu130 pandas=2.3.3
tabicl,20,0,acc,0.7922077922077922,torch=2.11.0+cu130 pandas=2.3.3
tabdpt,20,0,acc,0.7922077922077922,torch=2.11.0+cu130 pandas=2.3.3
limix,20,0,acc,0.7857142857142857,torch=2.11.0+cu130 pandas=2.3.3
mitra,20,0,acc,0.7727272727272727,torch=2.11.0+cu130 pandas=2.3.3
tabpfn,20,1,acc,0.7467532467532467,torch=2.11.0+cu130 pandas=2.3.3
tabicl,20,1,acc,0.7467532467532467,torch=2.11.0+cu130 pandas=2.3.3
tabdpt,20,1,acc,0.7532467532467533,torch=2.11.0+cu130 pandas=2.3.3
limix,20,1,acc,0.7402597402597403,torch=2.11.0+cu130 pandas=2.3.3
mitra,20,1,acc,0.7467532467532467,torch=2.11.0+cu130 pandas=2.3.3
tabpfn,20,2,acc,0.7467532467532467,torch=2.11.0+cu130 pandas=2.3.3
tabicl,20,2,acc,0.7532467532467533,torch=2.11.0+cu130 pandas=2.3.3
tabdpt,20,2,acc,0.7727272727272727,torch=2.11.0+cu130 pandas=2.3.3
limix,20,2,acc,0.7532467532467533,torch=2.11.0+cu130 pandas=2.3.3
mitra,20,2,acc,0.7597402597402597,torch=2.11.0+cu130 pandas=2.3.3
tabpfn,50,0,acc,0.7857142857142857,torch=2.11.0+cu130 pandas=2.3.3
tabicl,50,0,acc,0.7922077922077922,torch=2.11.0+cu130 pandas=2.3.3
tabdpt,50,0,acc,0.7987012987012987,torch=2.11.0+cu130 pandas=2.3.3
limix,50,0,acc,0.8051948051948052,torch=2.11.0+cu130 pandas=2.3.3
mitra,50,0,acc,0.7987012987012987,torch=2.11.0+cu130 pandas=2.3.3
tabpfn,50,1,acc,0.7532467532467533,torch=2.11.0+cu130 pandas=2.3.3
tabicl,50,1,acc,0.7467532467532467,torch=2.11.0+cu130 pandas=2.3.3
tabdpt,50,1,acc,0.7402597402597403,torch=2.11.0+cu130 pandas=2.3.3
limix,50,1,acc,0.7272727272727273,torch=2.11.0+cu130 pandas=2.3.3
mitra,50,1,acc,0.7597402597402597,torch=2.11.0+cu130 pandas=2.3.3
tabpfn,50,2,acc,0.7337662337662337,torch=2.11.0+cu130 pandas=2.3.3
tabicl,50,2,acc,0.7467532467532467,torch=2.11.0+cu130 pandas=2.3.3
tabdpt,50,2,acc,0.7597402597402597,torch=2.11.0+cu130 pandas=2.3.3
limix,50,2,acc,0.7597402597402597,torch=2.11.0+cu130 pandas=2.3.3
mitra,50,2,acc,0.7662337662337663,torch=2.11.0+cu130 pandas=2.3.3
tabpfn,100,0,acc,0.7857142857142857,torch=2.11.0+cu130 pandas=2.3.3
tabicl,100,0,acc,0.7922077922077922,torch=2.11.0+cu130 pandas=2.3.3
tabdpt,100,0,acc,0.7792207792207793,torch=2.11.0+cu130 pandas=2.3.3
limix,100,0,acc,0.7922077922077922,torch=2.11.0+cu130 pandas=2.3.3
mitra,100,0,acc,0.8051948051948052,torch=2.11.0+cu130 pandas=2.3.3
tabpfn,100,1,acc,0.7337662337662337,torch=2.11.0+cu130 pandas=2.3.3
tabicl,100,1,acc,0.7402597402597403,torch=2.11.0+cu130 pandas=2.3.3
tabdpt,100,1,acc,0.7532467532467533,torch=2.11.0+cu130 pandas=2.3.3
limix,100,1,acc,0.7402597402597403,torch=2.11.0+cu130 pandas=2.3.3
mitra,100,1,acc,0.7597402597402597,torch=2.11.0+cu130 pandas=2.3.3
tabpfn,100,2,acc,0.7402597402597403,torch=2.11.0+cu130 pandas=2.3.3
tabicl,100,2,acc,0.7467532467532467,torch=2.11.0+cu130 pandas=2.3.3
tabdpt,100,2,acc,0.7467532467532467,torch=2.11.0+cu130 pandas=2.3.3
limix,100,2,acc,0.7532467532467533,torch=2.11.0+cu130 pandas=2.3.3
mitra,100,2,acc,0.7532467532467533,torch=2.11.0+cu130 pandas=2.3.3
