model,test_idx,true,pred,knn_dist,purity,margin
tabpfn,7,opel,saab,1.755384781940522,0.4,0.6239464282989502
tabpfn,22,saab,opel,1.7967092669773268,0.6,0.5353673696517944
tabpfn,49,saab,opel,2.2147112285214265,0.2,0.17698699235916138
tabpfn,53,saab,opel,1.9019811918483422,0.2,0.029022008180618286
tabpfn,57,saab,opel,1.4051671377798651,0.6,0.24561798572540283
tabpfn,65,saab,opel,1.780505689678586,0.4,0.16062283515930176
tabpfn,69,saab,opel,1.6701043312934882,0.8,0.529921293258667
tabpfn,71,saab,opel,1.8795592785413717,0.6,0.2948606610298157
tabpfn,114,opel,saab,1.4231112029180706,0.4,0.8020578622817993
tabpfn,117,opel,saab,1.617534041905758,0.2,0.6048230528831482
tabpfn,118,saab,opel,1.93353798053022,0.6,0.9514018297195435
tabpfn,128,opel,saab,1.5929618141813333,0.2,0.6716017127037048
tabpfn,136,saab,opel,2.635932346022423,0.4,0.20480188727378845
tabicl,7,opel,saab,1.755384781940522,0.4,0.48102688789367676
tabicl,22,saab,opel,1.7967092669773268,0.6,0.40694931149482727
tabicl,43,opel,saab,1.8441053951005628,0.8,0.032926857471466064
tabicl,53,saab,opel,1.9019811918483422,0.2,0.15977060794830322
tabicl,57,saab,opel,1.4051671377798651,0.6,0.3842116892337799
tabicl,58,opel,saab,1.672774964998784,0.0,0.2990376651287079
tabicl,65,saab,opel,1.780505689678586,0.4,0.3383159935474396
tabicl,69,saab,opel,1.6701043312934882,0.8,0.07221350073814392
tabicl,70,saab,opel,1.4473005396939107,0.6,0.34656766057014465
tabicl,71,saab,opel,1.8795592785413717,0.6,0.2358267903327942
tabicl,72,saab,opel,1.5313593553552614,0.6,0.31387171149253845
tabicl,101,opel,saab,1.3620423327551245,0.4,0.3943949043750763
tabicl,112,opel,saab,1.7479705036799,0.0,0.08965888619422913
tabicl,114,opel,saab,1.4231112029180706,0.4,0.7271957397460938
tabicl,117,opel,saab,1.617534041905758,0.2,0.47804445028305054
tabicl,118,saab,opel,1.93353798053022,0.6,0.8091903328895569
tabicl,128,opel,saab,1.5929618141813333,0.2,0.700856626033783
tabicl,136,saab,opel,2.635932346022423,0.4,0.05181422829627991
tabicl,159,saab,opel,1.2567673917989564,0.2,0.8048496842384338
tabicl,160,opel,saab,1.9719170389030782,0.6,0.1378299593925476
tabicl,164,saab,opel,2.0361501769701205,0.4,0.13120439648628235
tabdpt,7,opel,saab,1.755384781940522,0.4,0.6054234504699707
tabdpt,13,saab,opel,2.14691571516393,0.8,0.05657842755317688
tabdpt,22,saab,opel,1.7967092669773268,0.6,0.5646024942398071
tabdpt,28,opel,saab,1.7070585722000118,0.4,0.3877628445625305
tabdpt,49,saab,opel,2.2147112285214265,0.2,0.2108973264694214
tabdpt,53,saab,opel,1.9019811918483422,0.2,0.013669192790985107
tabdpt,57,saab,opel,1.4051671377798651,0.6,0.395208477973938
tabdpt,65,saab,opel,1.780505689678586,0.4,0.2464827299118042
tabdpt,69,saab,opel,1.6701043312934882,0.8,0.03903898596763611
tabdpt,70,saab,opel,1.4473005396939107,0.6,0.46669134497642517
tabdpt,71,saab,opel,1.8795592785413717,0.6,0.37228429317474365
tabdpt,72,saab,opel,1.5313593553552614,0.6,0.1549810767173767
tabdpt,105,opel,saab,1.5563847355228901,0.0,0.019514471292495728
tabdpt,112,opel,saab,1.7479705036799,0.0,0.20841112732887268
tabdpt,113,opel,saab,1.8902412988077646,0.4,0.023432433605194092
tabdpt,114,opel,saab,1.4231112029180706,0.4,0.7334117889404297
tabdpt,117,opel,saab,1.617534041905758,0.2,0.6716682314872742
tabdpt,118,saab,opel,1.93353798053022,0.6,0.9760852456092834
tabdpt,128,opel,saab,1.5929618141813333,0.2,0.6993637681007385
tabdpt,136,saab,opel,2.635932346022423,0.4,0.3865866959095001
tabdpt,159,saab,opel,1.2567673917989564,0.2,0.5388368964195251
tabdpt,162,saab,opel,1.4926892905745799,0.2,0.7092395424842834
tabdpt,164,saab,opel,2.0361501769701205,0.4,0.054620176553726196
limix,1,saab,opel,1.2860955122323077,0.2,0.32259535789489746
limix,7,opel,saab,1.755384781940522,0.4,0.18678659200668335
limix,20,saab,opel,1.8905101227841237,0.4,0.030625730752944946
limix,22,saab,opel,1.7967092669773268,0.6,0.08250290155410767
limix,43,opel,saab,1.8441053951005628,0.8,0.10501179099082947
limix,53,saab,opel,1.9019811918483422,0.2,0.2098570168018341
limix,55,opel,saab,1.502868260658181,0.0,0.09401768445968628
limix,57,saab,opel,1.4051671377798651,0.6,0.2543342113494873
limix,58,opel,saab,1.672774964998784,0.0,0.1624186933040619
limix,65,saab,opel,1.780505689678586,0.4,0.07813289761543274
limix,69,saab,opel,1.6701043312934882,0.8,0.11850243806838989
limix,74,opel,saab,2.0202097516633803,0.6,0.2956664264202118
limix,88,opel,saab,2.0424579184286418,0.2,0.2511156499385834
limix,91,saab,opel,1.5694684226256363,0.4,0.19263166189193726
limix,95,saab,opel,1.7150445980411262,0.4,0.0635935366153717
limix,101,opel,saab,1.3620423327551245,0.4,0.2661055028438568
limix,105,opel,saab,1.5563847355228901,0.0,0.13841447234153748
limix,108,opel,saab,1.5098422005484675,0.6,0.10896638035774231
limix,112,opel,saab,1.7479705036799,0.0,0.10792437195777893
limix,113,opel,saab,1.8902412988077646,0.4,0.05257117748260498
limix,114,opel,saab,1.4231112029180706,0.4,0.08372777700424194
limix,117,opel,saab,1.617534041905758,0.2,0.18870878219604492
limix,123,saab,opel,1.4951455118450272,0.2,0.03337705135345459
limix,128,opel,saab,1.5929618141813333,0.2,0.3884256184101105
limix,134,opel,saab,1.53271145459729,0.4,0.20408058166503906
limix,136,saab,opel,2.635932346022423,0.4,0.04512271285057068
limix,161,saab,van,1.4788858323313252,0.4,0.008189260959625244
limix,162,saab,opel,1.4926892905745799,0.2,0.5732183456420898
limix,164,saab,opel,2.0361501769701205,0.4,0.08738735318183899
mitra,13,saab,opel,2.14691571516393,0.8,0.06241270899772644
mitra,20,saab,opel,1.8905101227841237,0.4,0.0
mitra,22,saab,opel,1.7967092669773268,0.6,0.7192521095275879
mitra,27,opel,saab,1.424581363023872,0.0,0.09338918328285217
mitra,39,opel,saab,1.5621464044356588,0.6,0.5325088500976562
mitra,43,opel,saab,1.8441053951005628,0.8,0.2740350663661957
mitra,46,saab,opel,1.398272259881496,0.4,0.4803275167942047
mitra,57,saab,opel,1.4051671377798651,0.6,0.956744372844696
mitra,65,saab,opel,1.780505689678586,0.4,0.28311407566070557
mitra,71,saab,opel,1.8795592785413717,0.6,0.40218162536621094
mitra,91,saab,opel,1.5694684226256363,0.4,0.38525059819221497
mitra,95,saab,opel,1.7150445980411262,0.4,0.2301616668701172
mitra,101,opel,saab,1.3620423327551245,0.4,0.424428790807724
mitra,113,opel,saab,1.8902412988077646,0.4,0.6709243059158325
mitra,114,opel,saab,1.4231112029180706,0.4,0.5651848316192627
mitra,118,saab,opel,1.93353798053022,0.6,0.635082483291626
mitra,124,opel,saab,1.632230402178206,0.8,0.17014378309249878
mitra,128,opel,saab,1.5929618141813333,0.2,0.2154535949230194
mitra,136,saab,opel,2.635932346022423,0.4,0.31790342926979065
mitra,145,bus,van,1.448933798666752,0.4,0.09346231818199158
mitra,159,saab,opel,1.2567673917989564,0.2,0.27404168248176575
mitra,160,opel,saab,1.9719170389030782,0.6,0.06230348348617554
mitra,161,saab,opel,1.4788858323313252,0.4,0.22622942924499512
mitra,162,saab,opel,1.4926892905745799,0.2,0.37186557054519653
mitra,163,saab,opel,1.4193876638801066,0.2,0.5337114334106445
mitra,164,saab,opel,2.0361501769701205,0.4,0.031183719635009766
xgboost,1,saab,opel,1.2860955122323077,0.2,0.9417650103569031
xgboost,7,opel,saab,1.755384781940522,0.4,0.8696996569633484
xgboost,14,van,opel,1.5247079800344547,1.0,0.4230288565158844
xgboost,20,saab,opel,1.8905101227841237,0.4,0.9089863896369934
xgboost,22,saab,opel,1.7967092669773268,0.6,0.45289576053619385
xgboost,27,opel,saab,1.424581363023872,0.0,0.8791783452033997
xgboost,39,opel,saab,1.5621464044356588,0.6,0.637579083442688
xgboost,43,opel,saab,1.8441053951005628,0.8,0.9009681940078735
xgboost,46,saab,bus,1.398272259881496,0.4,0.8684924244880676
xgboost,53,saab,opel,1.9019811918483422,0.2,0.9743316769599915
xgboost,55,opel,saab,1.502868260658181,0.0,0.504165530204773
xgboost,58,opel,saab,1.672774964998784,0.0,0.834516167640686
xgboost,65,saab,opel,1.780505689678586,0.4,0.7468905448913574
xgboost,70,saab,opel,1.4473005396939107,0.6,0.9324116706848145
xgboost,71,saab,opel,1.8795592785413717,0.6,0.3484102487564087
xgboost,74,opel,saab,2.0202097516633803,0.6,0.46176862716674805
xgboost,75,saab,opel,1.5470002021089257,0.8,0.7657598853111267
xgboost,86,opel,van,1.4807009864330223,0.4,0.3464154303073883
xgboost,88,opel,saab,2.0424579184286418,0.2,0.9773632884025574
xgboost,90,bus,van,2.809763855026151,0.0,0.9826206564903259
xgboost,95,saab,opel,1.7150445980411262,0.4,0.904784619808197
xgboost,99,saab,opel,1.594331715456879,0.6,0.3564603924751282
xgboost,101,opel,saab,1.3620423327551245,0.4,0.9314968585968018
xgboost,105,opel,saab,1.5563847355228901,0.0,0.9709731340408325
xgboost,106,van,opel,1.3656451031460102,0.6,0.6970278024673462
xgboost,112,opel,saab,1.7479705036799,0.0,0.6635598540306091
xgboost,114,opel,saab,1.4231112029180706,0.4,0.969479501247406
xgboost,117,opel,saab,1.617534041905758,0.2,0.9699379801750183
xgboost,119,bus,saab,1.4916881232853023,0.4,0.27744293212890625
xgboost,128,opel,saab,1.5929618141813333,0.2,0.8834843635559082
xgboost,131,opel,saab,1.8728281999883045,0.6,0.5916386842727661
xgboost,134,opel,saab,1.53271145459729,0.4,0.962261974811554
xgboost,136,saab,van,2.635932346022423,0.4,0.16353750228881836
xgboost,149,van,opel,1.311098241856947,0.2,0.3217202126979828
xgboost,153,opel,van,1.9969435591290772,0.2,0.42688867449760437
xgboost,159,saab,opel,1.2567673917989564,0.2,0.9850438833236694
xgboost,160,opel,saab,1.9719170389030782,0.6,0.33326998353004456
xgboost,161,saab,van,1.4788858323313252,0.4,0.048867762088775635
xgboost,162,saab,opel,1.4926892905745799,0.2,0.9910340309143066
xgboost,164,saab,van,2.0361501769701205,0.4,0.05256190896034241
